City_ID,City,Country,Lat,Lng,Max Temp,Humidity,Cloudiness,Wind Speed,Current Description
0,Hualahuises,MX,24.8847,-99.6733,81.95,8,0,8.57,clear sky
1,Hermanus,ZA,-34.4187,19.2345,59.81,84,100,15.17,light rain
2,East London,ZA,-33.0153,27.9116,69.13,78,16,16.33,few clouds
3,Ponta Do Sol,PT,32.6667,-17.1,64.06,74,56,5.12,broken clouds
4,Poum,NC,-20.2333,164.0167,78.75,78,72,4.16,broken clouds
5,Ribeira Grande,PT,38.5167,-28.7,61.2,88,75,24.16,broken clouds
6,Yellowknife,CA,62.456,-114.3525,6.42,61,0,12.66,clear sky
7,Punta Arenas,CL,-53.15,-70.9167,55.51,50,75,14.97,broken clouds
8,Namwala,ZM,-15.7504,26.4384,65.57,95,81,2.51,broken clouds
9,Atar,MR,20.5169,-13.0499,74.48,25,0,9.75,clear sky
10,Nueva Londres,PY,-25.4045,-56.5498,74.57,97,79,8.9,broken clouds
11,Sao Filipe,CV,14.8961,-24.4956,70.61,72,1,12.33,clear sky
12,Mar Del Plata,AR,-38.0023,-57.5575,68.88,67,20,8.05,few clouds
13,Jamestown,US,42.097,-79.2353,56.52,44,0,11.5,clear sky
14,Demyansk,RU,57.643,32.466,32.07,98,74,2.42,broken clouds
15,Klaksvik,FO,62.2266,-6.589,45.52,87,99,12.75,overcast clouds
16,La Ronge,CA,55.1001,-105.2842,28.65,54,75,21.85,broken clouds
17,Barrow,US,71.2906,-156.7887,-0.38,71,0,17.27,haze
18,Avarua,CK,-21.2078,-159.775,82.45,78,20,5.75,few clouds
19,Teya,RU,60.3778,92.6267,6.04,99,100,1.25,overcast clouds
20,Maniitsoq,GL,65.4167,-52.9,17.49,69,100,5.41,overcast clouds
21,Yerbogachen,RU,61.2767,108.0108,-6.32,100,89,3.8,overcast clouds
22,Kapaa,US,22.0752,-159.319,78.78,82,75,20.71,broken clouds
23,Hilo,US,19.7297,-155.09,80.33,69,40,13.8,scattered clouds
24,Lakes Entrance,AU,-37.8811,147.981,54.16,85,9,5.68,clear sky
25,Beidao,CN,34.5686,105.8933,45.05,65,100,8.52,light rain
26,Cidreira,BR,-30.1811,-50.2056,74.39,87,100,8.46,overcast clouds
27,Tabou,CI,4.423,-7.3528,80.19,86,10,5.84,clear sky
28,Tilichiki,RU,60.4667,166.1,6.28,94,92,5.17,overcast clouds
29,Anadyr,RU,64.75,177.4833,5.5,92,20,6.71,fog
30,Hobart,AU,-42.8794,147.3294,58.23,82,20,5.75,few clouds
31,Kumba,CM,4.6363,9.4469,76.15,92,99,0.58,overcast clouds
32,Rikitea,PF,-23.1203,-134.9692,79.88,71,100,15.59,light rain
33,Cockburn Town,TC,21.4612,-71.1419,78.33,76,0,20.4,clear sky
34,Tomatlan,MX,19.9333,-105.25,86.67,22,0,8.72,clear sky
35,Kota Bahru,MY,6.1333,102.2386,80.55,89,20,3.44,few clouds
36,Liverpool,GB,53.4106,-2.9779,55.35,66,0,3.44,clear sky
37,Auki,SB,-8.7676,160.7034,78.33,83,99,2.15,overcast clouds
38,Ashland,US,40.8167,-82.2665,52.11,60,97,15.77,overcast clouds
39,Torbay,CA,47.6666,-52.7314,29.75,74,100,28.77,overcast clouds
40,Bluff,NZ,-46.6,168.3333,52.65,71,25,11.34,scattered clouds
41,Qasigiannguit,GL,68.8193,-51.1922,12.45,76,100,3.4,overcast clouds
42,Vaini,TO,-21.2,-175.2,80.76,83,75,9.22,broken clouds
43,Port Elizabeth,ZA,-33.918,25.5701,68.09,77,20,19.57,few clouds
44,Dingle,PH,10.9995,122.6711,77.72,87,100,7.67,overcast clouds
45,Sobolevo,RU,54.4299,31.8996,23.38,97,36,4.88,scattered clouds
46,Yulara,AU,-25.2406,130.9889,71.44,56,0,10.36,clear sky
47,Vredendal,ZA,-31.6683,18.5012,64.67,87,1,6.44,clear sky
48,Bengkulu,ID,-3.8004,102.2655,75.34,84,99,4.41,heavy intensity rain
49,Pevek,RU,69.7008,170.3133,4.96,97,99,3.33,overcast clouds
50,Ilulissat,GL,69.2167,-51.1,12.22,67,100,3.44,overcast clouds
51,Lebu,CL,-37.6167,-73.65,56.77,71,6,27.16,clear sky
52,Kalaleh,IR,37.3807,55.4916,46.0,87,100,4.61,overcast clouds
53,Mataura,NZ,-46.1927,168.8643,52.43,66,5,3.0,clear sky
54,Bahia De Caraquez,EC,-0.6,-80.4167,80.1,82,82,7.45,broken clouds
55,Tessalit,ML,20.1986,1.0114,81.86,9,70,8.55,broken clouds
56,Mitchell,US,43.7094,-98.0298,51.12,51,0,3.0,clear sky
57,Marzuq,YE,14.4,46.4667,69.96,65,3,6.15,clear sky
58,Tiksi,RU,71.6872,128.8694,-10.71,97,82,1.32,broken clouds
59,Umm Lajj,SA,25.0213,37.2685,61.18,45,0,13.29,clear sky
60,Ushuaia,AR,-54.8,-68.3,49.66,57,75,16.11,broken clouds
61,Makakilo City,US,21.3469,-158.0858,78.69,65,100,17.27,overcast clouds
62,Aswan,EG,24.0934,32.907,57.72,27,0,11.59,clear sky
63,Cape Town,ZA,-33.9258,18.4232,64.27,75,20,17.27,few clouds
64,Richards Bay,ZA,-28.783,32.0377,70.14,91,38,5.99,scattered clouds
65,Carahue,CL,-38.7,-73.1667,59.22,57,28,8.63,scattered clouds
66,Roald,NO,62.5833,6.1333,49.33,81,75,17.27,light rain
67,Kirakira,SB,-10.4544,161.9205,80.56,80,78,1.79,broken clouds
68,Kaitangata,NZ,-46.2817,169.8464,52.43,67,0,4.18,clear sky
69,Caravelas,BR,-17.7125,-39.2481,76.93,84,19,5.68,few clouds
70,Bredasdorp,ZA,-34.5322,20.0403,64.13,77,100,12.64,light rain
71,Norrkoping,SE,58.5942,16.1826,46.98,68,0,4.61,clear sky
72,Mandalgovi,MN,45.7625,106.2708,21.87,34,100,2.66,overcast clouds
73,Albany,US,42.6001,-73.9662,43.45,80,100,3.76,overcast clouds
74,Bambanglipuro,ID,-7.95,110.2833,76.71,89,100,3.06,overcast clouds
75,Beinamar,TD,8.6698,15.3813,90.01,14,71,2.91,broken clouds
76,Tuktoyaktuk,CA,69.4541,-133.0374,-13.0,70,20,13.8,few clouds
77,Nikolskoye,RU,59.7035,30.7861,39.87,100,100,1.54,overcast clouds
78,New Norfolk,AU,-42.7826,147.0587,57.88,77,85,1.01,overcast clouds
79,Arraial Do Cabo,BR,-22.9661,-42.0278,76.87,81,0,24.47,clear sky
80,Nikel,RU,69.4128,30.222,24.98,77,100,21.9,overcast clouds
81,Eureka,US,40.8021,-124.1637,52.25,86,100,5.99,overcast clouds
82,Khatanga,RU,71.9667,102.5,-6.61,99,100,3.96,overcast clouds
83,Busselton,AU,-33.65,115.3333,61.5,62,0,12.19,clear sky
84,Koungou,YT,-12.7336,45.2042,82.11,83,40,6.91,scattered clouds
85,Rongcheng,CN,30.634,117.8517,58.37,98,100,2.73,moderate rain
86,Vardo,NO,70.3705,31.1107,24.78,80,100,28.77,overcast clouds
87,Severo-Kurilsk,RU,50.6789,156.125,28.65,72,99,8.3,overcast clouds
88,Kodiak,US,57.79,-152.4072,36.91,87,100,13.8,moderate rain
89,College,US,64.8569,-147.8028,27.09,43,75,6.91,broken clouds
90,Krutinka,RU,56.0055,71.5113,14.92,94,100,9.06,overcast clouds
91,Oktyabrskiy,RU,54.4815,53.471,33.96,87,100,10.96,overcast clouds
92,Upernavik,GL,72.7868,-56.1549,5.74,72,100,8.39,overcast clouds
93,Bonavista,CA,48.6499,-53.1147,28.62,80,93,32.84,overcast clouds
94,Brae,GB,60.3964,-1.353,47.93,93,75,16.67,broken clouds
95,Chokurdakh,RU,70.6333,147.9167,-16.71,100,92,2.06,overcast clouds
96,Kalabo,ZM,-14.97,22.6814,65.82,92,47,4.56,scattered clouds
97,Qaanaaq,GL,77.484,-69.3632,-12.21,64,25,7.34,scattered clouds
98,Kununurra,AU,-15.7667,128.7333,78.78,94,94,3.44,overcast clouds
99,Mana,GF,5.6592,-53.7767,77.13,90,100,12.88,overcast clouds
100,Coihaique,CL,-45.5752,-72.0662,57.81,58,75,5.75,broken clouds
101,Lishui,CN,28.4604,119.9103,55.78,99,100,3.15,light rain
102,Lodja,CD,-3.4833,23.4333,71.69,89,11,1.14,few clouds
103,Bani Walid,LY,31.7566,13.9942,53.22,71,4,14.18,clear sky
104,Namatanai,PG,-3.6667,152.4333,80.85,77,27,7.14,scattered clouds
105,Port Lincoln,AU,-34.7333,135.8667,59.7,76,8,8.79,clear sky
106,Bourail,NC,-21.5667,165.4833,77.05,80,34,4.38,scattered clouds
107,San Cristobal,VE,7.7669,-72.225,78.98,38,48,4.47,scattered clouds
108,Hasaki,JP,35.7333,140.8333,36.0,52,2,6.2,clear sky
109,Saint George,US,37.1041,-113.5841,79.79,11,0,3.44,clear sky
110,Walvis Bay,NA,-22.9575,14.5053,61.75,88,43,2.3,light rain
111,Maraa,BR,-1.8333,-65.3667,82.53,79,96,2.86,moderate rain
112,Colgong,IN,25.2667,87.2167,76.32,16,2,5.93,clear sky
113,Kruisfontein,ZA,-34.0033,24.7314,65.88,88,0,14.5,light rain
114,Thompson,CA,55.7435,-97.8558,39.36,60,100,4.61,overcast clouds
115,Hithadhoo,MV,-0.6,73.0833,83.7,67,3,19.39,clear sky
116,Georgetown,MY,5.4112,100.3354,80.53,83,20,0.0,few clouds
117,Necochea,AR,-38.5473,-58.7368,65.01,74,100,4.41,overcast clouds
118,Hamilton,US,39.1834,-84.5333,55.42,47,100,14.97,overcast clouds
119,Saskylakh,RU,71.9167,114.0833,-23.64,100,96,2.98,overcast clouds
120,Uyo,NG,5.0333,7.9266,80.6,82,100,5.86,overcast clouds
121,Hauterive,FR,46.0901,3.4459,45.36,63,2,3.42,clear sky
122,Thessalon,CA,46.2501,-83.5666,34.09,99,100,3.65,overcast clouds
123,Lida,BY,53.8833,25.2997,37.67,72,3,6.71,clear sky
124,Alofi,NU,-19.0595,-169.9187,76.89,94,75,2.3,heavy intensity drizzle
125,Primo Tapia,MX,32.22,-116.9172,92.88,51,10,10.42,clear sky
126,Port Alfred,ZA,-33.5906,26.891,68.47,82,35,15.7,scattered clouds
127,Yaguajay,CU,22.3272,-79.2378,85.21,56,98,3.51,overcast clouds
128,Kawalu,ID,-7.3817,108.2082,72.18,94,100,2.21,overcast clouds
129,Yantal,RU,56.8471,105.2542,10.83,95,100,3.91,overcast clouds
130,Kimberley,ZA,-28.7323,24.7623,64.56,51,0,4.14,clear sky
131,Tasiilaq,GL,65.6145,-37.6368,19.56,64,96,6.44,overcast clouds
132,Paamiut,GL,61.994,-49.6678,17.38,78,0,3.89,clear sky
133,Jizan,SA,17.3333,42.6667,79.74,67,7,5.75,clear sky
134,Puerto Ayora,EC,-0.7393,-90.3518,85.96,74,44,12.73,light rain
135,Leningradskiy,RU,69.3833,178.4167,-12.15,100,100,6.44,overcast clouds
136,Bereda,ES,43.2686,-7.5406,47.57,95,5,4.0,clear sky
137,Nanortalik,GL,60.1432,-45.2371,29.17,78,100,7.78,overcast clouds
138,Avera,US,33.194,-82.5271,66.25,53,100,8.25,overcast clouds
139,Huicungo,PE,-7.2833,-76.8,84.22,68,35,2.35,scattered clouds
140,Shitanjing,CN,39.2342,106.3439,36.86,19,100,13.53,overcast clouds
141,Kavieng,PG,-2.5744,150.7967,83.08,69,70,10.49,broken clouds
142,Chuy,UY,-33.6971,-53.4616,71.4,67,66,12.88,broken clouds
143,Pizarro,CO,4.9533,-77.366,80.19,84,95,6.24,light rain
144,Minsk,BY,53.9,27.5667,37.15,79,0,9.1,clear sky
145,Bara,NG,10.3744,10.7288,86.5,15,75,11.23,broken clouds
146,Uige,AO,-7.6087,15.0613,66.87,97,94,4.85,overcast clouds
147,Volnovakha,UA,47.601,37.4967,35.04,64,0,5.73,clear sky
148,Monrovia,LR,6.3005,-10.7969,79.88,88,17,8.16,few clouds
149,Prince Rupert,CA,54.3161,-130.3201,50.09,46,20,18.41,few clouds
150,Sibolga,ID,1.7427,98.7792,74.57,76,43,3.85,scattered clouds
151,Dikson,RU,73.5069,80.5464,10.08,90,95,16.26,overcast clouds
152,Pajarito,CO,5.2929,-72.7028,78.71,62,99,2.08,overcast clouds
153,Susanville,US,40.4163,-120.653,69.8,34,88,5.99,overcast clouds
154,Norman Wells,CA,65.282,-126.8329,3.24,60,40,5.75,scattered clouds
155,Coquimbo,CL,-29.9533,-71.3436,64.13,72,0,13.8,clear sky
156,Yar-Sale,RU,66.8333,70.8333,-1.82,99,100,4.72,overcast clouds
157,Atuona,PF,-9.8,-139.0333,79.25,77,88,18.37,overcast clouds
158,Carnarvon,AU,-24.8667,113.6333,80.67,57,95,6.91,overcast clouds
159,Sao Cristovao,BR,-11.0147,-37.2064,77.95,74,53,5.48,broken clouds
160,Broken Hill,AU,-31.95,141.4333,57.52,51,0,12.88,clear sky
161,Nargana,PA,9.4428,-78.5906,80.83,76,89,10.31,overcast clouds
162,Nerchinskiy Zavod,RU,51.3088,119.61,17.35,87,100,4.92,overcast clouds
163,Rypin,PL,53.066,19.4094,43.56,59,5,3.89,clear sky
164,Airai,TL,-8.9266,125.4092,59.2,94,67,1.34,broken clouds
165,Hellvik,NO,59.9156,5.781,46.78,84,37,4.0,scattered clouds
166,Tobol,KZ,52.6844,62.5794,32.5,83,79,10.58,broken clouds
167,Eyl,SO,7.9803,49.8164,79.66,73,89,10.58,overcast clouds
168,Santa Fe,AR,-31.6333,-60.7,70.0,38,49,8.01,light rain
169,Beringovskiy,RU,63.05,179.3167,18.19,93,100,4.47,light snow
170,Santa Lucia,ES,27.9117,-15.5407,56.52,55,20,14.97,few clouds
171,Guerrero Negro,MX,27.9769,-114.0611,83.64,14,2,11.14,clear sky
172,Liliongan,PH,7.3628,124.7928,72.59,89,93,4.74,overcast clouds
173,Fort Nelson,CA,58.8053,-122.7002,20.79,49,40,2.3,scattered clouds
174,Darhan,MN,49.4867,105.9228,22.19,79,100,5.1,overcast clouds
175,Sao Joao Da Barra,BR,-21.6403,-41.0511,77.34,78,48,14.07,scattered clouds
176,Coolum Beach,AU,-26.5333,153.1,72.07,86,8,3.74,clear sky
177,Saint-Philippe,RE,-21.3585,55.7679,76.59,83,40,9.62,scattered clouds
178,Alice Springs,AU,-23.7,133.8833,69.22,32,40,9.22,scattered clouds
179,Spas-Demensk,RU,54.4122,34.0226,34.16,91,100,3.69,overcast clouds
180,Tifton,US,31.4505,-83.5085,66.16,42,75,12.66,broken clouds
181,Butaritari,KI,3.0707,172.7902,80.33,73,95,15.21,overcast clouds
182,Ust-Maya,RU,60.4167,134.5333,-10.41,100,91,1.16,overcast clouds
183,Totness,SR,5.8833,-56.3167,77.18,86,100,13.29,light rain
184,Bambous Virieux,MU,-20.3428,57.7575,79.05,89,40,5.75,scattered clouds
185,Solnechnyy,RU,50.7214,136.6319,15.96,97,84,3.0,broken clouds
186,Swan River,CA,52.1058,-101.2676,39.09,70,100,6.91,overcast clouds
187,Margate,GB,51.3813,1.3862,51.31,74,0,6.49,clear sky
188,Jumla,NP,29.2747,82.1838,42.85,52,14,4.52,few clouds
189,Strezhevoy,RU,60.7333,77.5889,-1.68,100,70,4.83,broken clouds
190,Gigmoto,PH,13.7796,124.39,79.05,86,39,8.32,scattered clouds
191,Burnie,AU,-41.0667,145.9167,56.95,93,8,7.7,clear sky
192,Half Moon Bay,US,37.4636,-122.4286,79.59,71,40,19.57,scattered clouds
193,Shar,KZ,49.5886,81.0453,23.72,93,100,10.96,overcast clouds
194,Faanui,PF,-16.4833,-151.75,81.18,73,67,13.85,broken clouds
195,Lagoa,PT,39.05,-27.9833,59.52,84,100,30.09,overcast clouds
196,Adre,TD,13.4667,22.2,76.95,14,59,15.41,broken clouds
197,Yei,SS,4.095,30.6779,75.63,53,92,5.75,overcast clouds
198,Yurga,RU,55.7231,84.8861,6.85,98,91,5.3,overcast clouds
199,Vila Velha,BR,-20.3297,-40.2925,76.95,90,51,7.31,broken clouds
200,Codrington,AU,-38.2667,141.9667,55.56,79,86,3.18,overcast clouds
201,Thaba-Tseka,LS,-29.522,28.6084,47.64,81,1,3.47,clear sky
202,Katsuura,JP,35.1333,140.3,50.38,69,3,6.89,clear sky
203,Alexandria,EG,31.2156,29.9553,55.31,63,58,21.52,broken clouds
204,Honiara,SB,-9.4333,159.95,79.5,80,67,1.92,broken clouds
205,Atasu,KZ,48.6814,71.6433,14.04,100,96,3.6,overcast clouds
206,Takoradi,GH,4.8845,-1.7554,81.36,82,51,6.22,broken clouds
207,Udachnyy,RU,66.4167,112.4,-6.88,94,100,3.31,overcast clouds
208,Smiths Falls,CA,44.9001,-76.0161,51.98,77,94,8.72,overcast clouds
209,Uyuni,BO,-20.4597,-66.825,59.52,16,0,13.49,clear sky
210,Chara,RU,56.9064,118.2631,2.57,75,47,2.24,scattered clouds
211,Bethel,US,41.3712,-73.414,45.36,92,100,9.22,mist
212,Havoysund,NO,70.9963,24.6622,30.43,67,100,25.41,overcast clouds
213,Tura,IN,25.5198,90.2201,68.49,84,3,7.96,clear sky
214,Victoria,HK,22.2855,114.1577,68.18,93,100,14.0,overcast clouds
215,Komsomolskiy,UZ,40.4272,71.7189,39.92,87,75,0.0,mist
216,Kloulklubed,PW,7.0419,134.2556,80.53,79,100,12.71,overcast clouds
217,Buala,SB,-8.145,159.5921,80.73,82,99,2.75,light rain
218,Provideniya,RU,64.3833,-173.3,12.36,67,0,11.18,clear sky
219,Pochutla,MX,15.7432,-96.4661,88.83,46,81,7.9,broken clouds
220,Narasannapeta,IN,18.4167,84.05,76.23,94,19,4.83,few clouds
221,Saint-Pierre,RE,-21.3393,55.4781,78.91,78,0,5.75,clear sky
222,Ugoofaaru,MV,5.6667,73.0,82.54,66,3,12.06,clear sky
223,Sept-Iles,CA,50.2001,-66.3821,29.05,75,100,10.36,overcast clouds
224,Vestmanna,FO,62.1564,-7.1664,43.72,100,100,2.3,drizzle
225,Jieshi,CN,22.8134,115.8257,62.94,92,100,14.5,overcast clouds
226,Huangchuan,CN,32.1272,115.0394,55.45,99,100,4.43,overcast clouds
227,Nouakchott,MR,18.0858,-15.9785,67.93,69,0,17.65,clear sky
228,Mayo,US,38.8876,-76.5119,56.52,95,100,8.99,mist
229,San Patricio,US,28.017,-97.5169,82.49,14,0,15.73,clear sky
230,Kutum,SD,14.2,24.6667,66.92,18,3,10.96,clear sky
231,Diego De Almagro,CL,-26.3667,-70.05,78.94,20,0,10.51,clear sky
232,Erenhot,CN,43.6475,111.9767,29.17,50,63,8.01,broken clouds
233,Yumen,CN,40.2833,97.2,33.6,49,100,6.4,overcast clouds
234,Luanda,AO,-8.8368,13.2343,82.4,83,20,10.36,few clouds
235,Mitsamiouli,KM,-11.3847,43.2844,83.01,75,81,2.37,broken clouds
236,Coos Bay,US,43.3665,-124.2179,69.31,80,0,6.91,clear sky
237,Kyaikto,MM,17.3,97.0167,78.15,74,2,2.55,clear sky
238,Petatlan,MX,17.5167,-101.2667,84.0,32,0,7.27,clear sky
239,Glace Bay,CA,46.1969,-59.957,35.78,82,75,6.91,broken clouds
240,Kushima,JP,31.4583,131.2333,51.82,83,65,4.59,broken clouds
241,Jiuquan,CN,39.7432,98.5174,32.45,61,100,5.88,overcast clouds
242,Ippy,CF,6.2679,21.2247,80.47,48,62,6.73,broken clouds
243,Tautira,PF,-17.7333,-149.15,80.89,74,20,11.34,light rain
244,Lata,PT,40.1629,-8.3327,59.81,84,100,1.68,light rain
245,Hualmay,PE,-11.0964,-77.6139,73.8,75,46,9.71,scattered clouds
246,Cabedelo,BR,-6.9811,-34.8339,79.32,81,100,10.09,overcast clouds
247,Stornoway,GB,58.2093,-6.3865,48.92,91,100,11.5,overcast clouds
248,Husavik,IS,66.0449,-17.3389,23.65,86,100,15.79,light snow
249,Aranos,NA,-24.1333,19.1167,71.11,60,100,13.67,overcast clouds
250,Uvira,CD,-3.4067,29.1458,73.17,84,95,1.72,light rain
251,Cabo San Lucas,MX,22.8909,-109.9124,81.61,51,51,3.0,broken clouds
252,Ballybofey,IE,54.8,-7.7833,49.75,91,99,1.83,overcast clouds
253,Mahebourg,MU,-20.4081,57.7,79.09,89,40,5.75,scattered clouds
254,Castro,BR,-24.7911,-50.0119,68.47,93,11,6.02,moderate rain
255,Sabang,ID,5.8933,95.3214,82.08,71,100,4.56,overcast clouds
256,Puerto Escondido,MX,15.85,-97.0667,84.65,66,68,7.29,broken clouds
257,Lampang,TH,18.3333,99.5,80.85,42,18,2.19,few clouds
258,Okhotsk,RU,59.3833,143.3,-2.78,98,70,7.65,broken clouds
259,Srednekolymsk,RU,67.45,153.6833,1.42,96,99,2.8,overcast clouds
260,Zilair,RU,52.2332,57.4392,27.01,98,100,8.43,overcast clouds
261,Pangani,TZ,-5.4333,38.9667,79.88,85,11,5.61,few clouds
262,Kieta,PG,-6.2167,155.6333,80.55,83,100,2.48,light rain
263,Hovd,MN,48.0056,91.6419,18.79,34,96,7.49,overcast clouds
264,Beisfjord,NO,68.3751,17.5988,32.05,85,100,6.58,overcast clouds
265,Dunedin,NZ,-45.8742,170.5036,54.82,75,16,2.84,few clouds
266,Goderich,CA,43.7501,-81.7165,47.91,70,100,18.41,overcast clouds
267,Nouadhibou,MR,20.931,-17.0347,64.38,68,0,18.41,clear sky
268,Acapulco,MX,16.8634,-99.8901,84.02,58,0,10.36,clear sky
269,Keningau,MY,5.3378,116.1602,70.12,99,94,1.63,overcast clouds
270,Iqaluit,CA,63.7506,-68.5145,19.13,62,75,11.01,broken clouds
271,Sechura,PE,-5.5569,-80.8222,83.79,53,26,16.51,scattered clouds
272,Posevnaya,RU,54.3006,83.3297,14.29,95,85,9.44,overcast clouds
273,Trinidad,BO,-14.8333,-64.9,87.78,70,75,6.91,broken clouds
274,Japura,ID,-0.3167,102.35,75.11,96,52,0.31,broken clouds
275,Eldoret,KE,0.5204,35.2699,62.29,63,80,5.66,broken clouds
276,Kastamonu,TR,41.5,33.6667,26.51,91,100,4.85,overcast clouds
277,Bilibino,RU,68.0546,166.4372,13.98,92,100,0.87,overcast clouds
278,Tanete,ID,-3.9443,119.7848,74.12,92,99,0.83,overcast clouds
279,Pitimbu,BR,-7.4706,-34.8086,79.75,80,100,10.25,overcast clouds
280,Talnakh,RU,69.4865,88.3972,11.21,93,99,10.6,overcast clouds
281,Kunigal,IN,13.0222,77.0267,74.71,62,33,1.16,scattered clouds
282,Santa Cruz,BO,-17.8,-63.1667,80.06,83,75,12.66,thunderstorm
283,Ranot,TH,7.7777,100.3213,81.48,78,4,3.02,clear sky
284,Svetlogorsk,BY,52.6333,29.7333,35.29,89,100,11.1,overcast clouds
285,Tacuarembo,UY,-31.7333,-55.9833,60.69,55,37,15.41,scattered clouds
286,Sitka,US,57.0531,-135.33,48.09,53,100,10.36,overcast clouds
287,Ust-Kuyga,RU,70.0167,135.6,-19.97,100,99,4.03,overcast clouds
288,Bure,ET,10.7,37.0667,66.0,37,84,0.89,broken clouds
289,Vanavara,RU,60.34,102.2797,-1.53,100,91,2.8,overcast clouds
290,Kysyl-Syr,RU,63.8986,122.7617,-5.3,100,100,2.64,overcast clouds
291,Manavalakurichi,IN,8.1333,77.3,80.11,81,51,7.92,broken clouds
292,Visnes,NO,59.3556,5.2242,43.21,93,100,9.22,fog
293,Grindavik,IS,63.8424,-22.4338,37.87,93,100,6.91,overcast clouds
294,Nanchong,CN,30.7951,106.0847,59.0,80,100,1.92,overcast clouds
295,Aksu,CN,41.1231,80.2644,44.31,70,100,12.59,overcast clouds
296,San,ML,13.3034,-4.8956,94.28,12,36,3.8,scattered clouds
297,Yeppoon,AU,-23.1333,150.7333,71.38,69,93,8.05,overcast clouds
298,Adrar,MR,20.5022,-10.0711,73.17,26,0,12.06,clear sky
299,Ilo,PE,-17.6394,-71.3375,70.66,64,0,11.5,clear sky
300,Jatai,BR,-17.8814,-51.7144,77.38,76,82,3.42,broken clouds
301,Kavaratti,IN,10.5669,72.642,82.45,65,5,4.34,clear sky
302,Mandera,KE,3.9366,41.867,88.41,41,100,6.4,overcast clouds
303,Praia Da Vitoria,PT,38.7333,-27.0667,61.05,82,20,19.15,few clouds
304,Itacoatiara,BR,-3.1431,-58.4442,81.68,88,91,1.92,overcast clouds
305,Comodoro Rivadavia,AR,-45.8667,-67.5,66.06,39,0,11.5,clear sky
306,Mount Gambier,AU,-37.8333,140.7667,53.51,94,100,2.3,overcast clouds
307,Bowen,AU,-20.0167,148.2333,69.84,83,68,7.99,broken clouds
308,Gwadar,PK,25.1216,62.3254,79.65,53,0,7.58,clear sky
309,Ostrovnoy,RU,68.0531,39.5131,15.85,73,100,8.41,overcast clouds
310,Ijuin,JP,31.6167,130.4,47.91,87,93,5.37,overcast clouds
311,Castlegar,CA,49.2998,-117.6689,50.11,66,94,2.59,overcast clouds
312,Vladyslavivka,UA,45.1667,35.3667,37.96,80,39,3.11,scattered clouds
313,Inta,RU,66.0317,60.1659,10.92,96,100,6.4,overcast clouds
314,Jyvaskyla,FI,62.2415,25.7209,39.54,72,0,3.44,clear sky
315,Yambio,SS,4.5721,28.3955,79.09,36,90,1.01,overcast clouds
316,Smithers,CA,54.7804,-127.1743,44.92,42,20,10.36,few clouds
317,Isangel,VU,-19.55,169.2667,80.28,77,37,13.51,scattered clouds
318,Pilar,BR,-9.5972,-35.9567,76.33,77,25,5.12,scattered clouds
319,Nur,PL,52.6683,22.3221,41.74,73,2,7.29,clear sky
320,Pinar Del Rio,CU,22.4175,-83.6981,86.23,49,93,13.58,overcast clouds
321,Nokia,FI,61.4667,23.5,37.38,83,100,1.14,overcast clouds
322,Meulaboh,ID,4.1363,96.1285,76.68,90,17,3.83,few clouds
323,Quimperle,FR,47.8667,-3.55,53.74,59,0,10.36,clear sky
324,Kargopol,RU,61.5071,38.9456,19.81,90,24,6.53,few clouds
325,North Bend,US,43.4065,-124.2243,69.24,82,0,6.91,clear sky
326,Rio Blanco,MX,18.8333,-97.15,63.27,80,69,5.39,broken clouds
327,Takab,IR,36.4009,47.1133,31.69,74,28,12.8,scattered clouds
328,Borba,BR,-4.3878,-59.5939,80.55,93,92,1.83,heavy intensity rain
329,Kaeo,NZ,-35.1,173.7833,68.32,86,100,11.79,overcast clouds
330,Helong,CN,42.5397,128.9972,37.9,83,100,5.91,overcast clouds
331,Agrate Brianza,IT,45.5778,9.3515,59.65,32,0,4.61,clear sky
332,San Salvador,SV,13.6894,-89.1872,82.87,78,40,14.97,scattered clouds
333,Prado,BR,-17.3411,-39.2208,76.84,85,19,6.22,light rain
334,Krasnoselkup,RU,65.7,82.4667,14.25,95,99,14.03,light snow
335,Phonhong,LA,18.5007,102.4166,72.79,95,66,1.1,broken clouds
336,Moose Factory,CA,51.2585,-80.6094,33.8,80,100,11.5,overcast clouds
337,Winnemucca,US,40.973,-117.7357,71.65,24,0,5.75,clear sky
338,Esperance,AU,-33.8667,121.9,57.88,84,0,11.74,clear sky
339,Nome,US,64.5011,-165.4064,18.1,57,100,12.66,overcast clouds
340,Huilong,CN,31.8111,121.655,57.92,94,100,21.41,light rain
341,Dubbo,AU,-32.25,148.6167,60.93,88,40,9.22,scattered clouds
342,Ginir,ET,7.1333,40.7,64.4,65,58,5.82,broken clouds
343,Acheng,CN,45.5454,126.977,42.89,77,72,19.66,broken clouds
344,Darnah,LY,32.767,22.6367,55.54,66,0,19.19,clear sky
345,Fuyu,CN,45.1833,124.8167,37.44,67,23,14.54,few clouds
346,Ajaccio,FR,42.0,8.9167,44.65,53,0,8.05,clear sky
347,Matagami,CA,49.7502,-77.6328,33.91,93,100,6.91,mist
348,Hailar,CN,49.2,119.7,20.84,96,99,7.4,light snow
349,Martigues,FR,43.4,5.05,48.29,63,0,4.61,clear sky
350,Luganville,VU,-15.5333,167.1667,80.33,84,98,3.69,overcast clouds
351,Chegdomyn,RU,51.1167,133.0167,3.97,97,37,2.62,scattered clouds
352,Meadow Lake,US,34.8014,-106.5436,67.46,22,2,10.2,clear sky
353,Lulea,SE,65.5842,22.1547,32.07,74,75,3.44,broken clouds
354,Port Hawkesbury,CA,45.6169,-61.3485,40.17,81,20,5.01,few clouds
355,Harur,IN,12.0667,78.5,75.99,86,7,3.11,clear sky
356,Salalah,OM,17.0151,54.0924,75.29,78,0,3.44,clear sky
357,Aksarka,RU,66.5606,67.7975,-0.11,96,100,0.94,overcast clouds
358,Mackenzie,CA,55.2999,-123.1698,41.22,45,0,6.91,clear sky
359,Raton,US,36.9034,-104.4391,64.74,13,0,14.97,clear sky
360,Sisimiut,GL,66.9395,-53.6735,18.19,63,100,10.49,overcast clouds
361,Shawinigan,CA,46.5668,-72.7491,34.84,100,100,5.46,light snow
362,Te Anau,NZ,-45.4167,167.7167,50.41,75,9,0.78,clear sky
363,Saint-Augustin,CA,51.226,-58.6502,31.28,83,51,6.08,broken clouds
364,Whitianga,NZ,-36.8333,175.7,66.88,78,99,11.63,overcast clouds
365,Whitehorse,CA,60.7161,-135.0538,38.17,50,40,11.99,scattered clouds
366,Othaya,KE,-0.5652,36.9609,61.02,70,60,3.27,broken clouds
367,Kodinsk,RU,58.6881,99.1844,7.21,99,99,3.8,overcast clouds
368,Yanam,IN,16.7333,82.2167,76.05,93,76,2.01,broken clouds
369,Shieli,KZ,44.1667,66.75,39.18,41,0,6.53,clear sky
370,Nuuk,GL,64.1835,-51.7216,18.21,73,40,11.5,scattered clouds
371,Coahuayana,MX,18.7333,-103.6833,86.83,35,0,9.08,clear sky
372,Boone,US,39.0334,-92.3335,43.65,88,100,1.01,overcast clouds
373,Capivari,BR,-22.995,-47.5078,78.94,69,74,4.34,broken clouds
374,Lompoc,US,34.6391,-120.4579,84.34,66,0,14.97,clear sky
375,Kaihua,CN,23.3687,104.28,58.46,95,69,5.79,broken clouds
376,Pisco,PE,-13.7,-76.2167,73.45,64,0,19.57,clear sky
377,Sanmenxia,CN,34.7747,111.1814,51.96,79,99,4.03,moderate rain
378,Salinas,US,36.6777,-121.6555,78.57,65,0,12.66,clear sky
379,Bagotville,AU,-28.9833,153.4167,69.82,99,98,5.91,overcast clouds
380,Longyearbyen,SJ,78.2186,15.6401,-0.56,60,40,8.05,scattered clouds
381,Casablanca,MA,33.5928,-7.6192,57.42,67,75,4.0,broken clouds
382,Touros,BR,-5.1989,-35.4608,80.49,79,58,9.55,broken clouds
383,Belmonte,BR,-15.8631,-38.8828,77.72,83,12,7.36,few clouds
384,Lavrentiya,RU,65.5833,-171.0,3.63,90,10,3.87,clear sky
385,Rawson,AR,-43.3002,-65.1023,60.1,49,0,13.89,clear sky
386,Blackwater,AU,-23.5833,148.8833,69.62,69,68,5.35,broken clouds
387,Malkara,TR,40.89,26.9011,40.06,76,5,5.59,clear sky
388,Guider,CM,9.9342,13.9486,88.03,14,32,8.32,scattered clouds
389,Manzil Salim,TN,35.8567,8.4765,49.15,66,100,14.52,overcast clouds
390,Locri,IT,38.2414,16.2623,50.32,67,0,10.11,clear sky
391,Oranjestad,AW,12.524,-70.027,78.03,84,6,23.96,clear sky
392,Roshchino,RU,60.2519,29.6085,39.02,99,100,4.14,overcast clouds
393,Ozernovskiy,RU,51.5,156.5167,27.1,73,98,4.54,overcast clouds
394,Mezen,RU,65.8522,44.24,17.74,76,84,9.86,broken clouds
395,Kamiiso,JP,41.8167,140.65,34.18,93,75,5.75,broken clouds
396,Radishchevo,RU,52.85,47.8833,33.82,91,100,9.01,overcast clouds
397,Ravar,IR,31.2656,56.8055,69.6,15,11,10.18,few clouds
398,Mubi,NG,10.2676,13.2644,81.86,16,64,6.62,broken clouds
399,Shimoda,JP,34.6667,138.95,49.87,73,6,8.41,clear sky
400,Sokolo,ML,14.7328,-6.1219,94.77,9,82,7.85,broken clouds
401,Sharkan,RU,57.2989,53.8712,33.84,82,80,15.59,broken clouds
402,Los Llanos De Aridane,ES,28.6585,-17.9182,57.13,77,20,3.44,few clouds
403,Mombasa,KE,-4.0547,39.6636,80.58,89,1,9.98,clear sky
404,San Pedro,PH,14.35,121.0167,81.63,79,20,8.05,few clouds
405,Luderitz,NA,-26.6481,15.1594,65.62,79,0,18.01,clear sky
406,Maceio,BR,-9.6658,-35.7353,80.64,71,54,8.1,broken clouds
407,Portland,US,45.5234,-122.6762,65.05,56,40,10.36,scattered clouds
408,Saldanha,ZA,-33.0117,17.9442,63.23,86,0,19.55,clear sky
409,Roebourne,AU,-20.7833,117.1333,83.98,72,23,7.47,few clouds
410,Sosva,RU,59.1766,61.8558,33.15,80,100,13.89,overcast clouds
411,Nantucket,US,41.2835,-70.0995,50.14,93,100,18.41,mist
412,Dalvik,IS,65.9702,-18.5286,28.33,90,100,12.71,light snow
413,Biratnagar,NP,26.4831,87.2834,71.83,27,6,7.31,clear sky
414,Berlevag,NO,70.8578,29.0864,30.2,93,75,29.93,light shower snow
415,Toktogul,KG,41.8708,72.9402,38.03,98,100,1.25,overcast clouds
416,Dzilam Gonzalez,MX,21.2833,-88.9333,70.93,84,100,13.58,overcast clouds
417,Saint-Joseph,RE,-21.3667,55.6167,75.58,83,21,8.75,few clouds
418,Buchanan,LR,5.8808,-10.0467,80.17,87,94,7.09,overcast clouds
419,Winslow,US,35.0242,-110.6974,67.26,12,5,7.96,clear sky
420,Northam,GB,51.0333,-4.2167,47.66,75,32,3.02,scattered clouds
421,Asau,RO,46.4333,26.4,45.95,42,97,7.09,overcast clouds
422,Mayor Pablo Lagerenza,PY,-19.9309,-60.7718,90.93,48,92,11.65,heavy intensity rain
423,Kathu,TH,7.9178,98.3332,85.69,72,32,6.42,scattered clouds
424,Waipawa,NZ,-41.4122,175.5153,55.6,96,100,20.96,light rain
425,Sydney,AU,-33.8679,151.2073,66.7,96,75,5.75,broken clouds
426,Verkhnevilyuysk,RU,63.4453,120.3167,-10.61,100,99,1.41,overcast clouds
427,Suamico,US,44.6319,-88.0393,39.49,78,100,6.91,overcast clouds
428,Sao Jose Da Coroa Grande,BR,-8.8978,-35.1478,79.54,78,100,6.49,overcast clouds
429,Sola,VU,-13.8833,167.55,82.29,73,89,12.26,overcast clouds
430,Nyurba,RU,63.2842,118.3319,-11.45,100,97,2.04,overcast clouds
431,Lethem,GY,3.3803,-59.7968,88.36,52,96,10.83,overcast clouds
432,Flin Flon,CA,54.7682,-101.865,30.04,93,100,24.16,snow
433,Zafarwal,PK,32.3463,74.8999,66.94,40,0,4.47,clear sky
434,Savannakhet,LA,16.566,104.751,77.36,81,29,4.25,scattered clouds
435,Laguna,US,38.421,-121.4238,84.02,39,0,4.61,clear sky
436,Hearst,CA,49.6835,-83.6665,44.85,94,100,6.2,overcast clouds
437,Pimentel,PE,-6.8367,-79.9342,79.09,53,0,16.11,clear sky
438,Saint Anthony,US,45.0205,-93.218,46.89,63,75,11.5,broken clouds
439,Fairbanks,US,64.8378,-147.7164,27.09,44,0,6.91,clear sky
440,Bandar-E Anzali,IR,37.4727,49.4622,44.71,90,100,12.33,overcast clouds
441,Helena,US,46.5927,-112.0361,55.99,43,0,20.71,clear sky
442,Najran,SA,17.4924,44.1277,72.25,45,1,2.93,clear sky
443,Rawah,IQ,34.4816,41.9093,54.46,38,3,2.89,clear sky
444,Juneau,US,58.3019,-134.4197,44.6,79,100,20.71,overcast clouds
445,Ascension,US,30.2169,-90.9001,72.0,43,100,12.66,overcast clouds
446,Tete,MZ,-16.1564,33.5867,77.09,88,0,0.0,clear sky
447,Kuala Terengganu,MY,5.3302,103.1408,79.43,81,50,2.26,scattered clouds
448,Morganton,US,35.7454,-81.6848,69.8,48,100,8.99,overcast clouds
449,Geraldton,AU,-28.7667,114.6,79.84,56,58,8.81,broken clouds
450,The Valley,AI,18.217,-63.0578,79.83,69,40,16.11,scattered clouds
451,Lumphat,KH,13.4878,106.9816,80.83,74,99,2.21,moderate rain
452,Presque Isle,US,46.6811,-68.0159,34.23,79,100,13.8,overcast clouds
453,Biak,ID,-0.9131,122.8766,75.94,78,100,1.63,overcast clouds
454,Calama,CL,-22.4667,-68.9333,75.69,8,0,19.57,clear sky
455,Westport,US,41.1415,-73.3579,46.27,95,100,10.36,overcast clouds
456,Murree,PK,33.9073,73.393,49.24,42,1,8.59,clear sky
457,Cherskiy,RU,68.75,161.3,9.1,95,100,5.97,overcast clouds
458,Aguimes,ES,27.9054,-15.4461,61.43,54,20,14.97,few clouds
459,Nova Olimpia,BR,-14.7972,-57.2881,83.12,85,88,1.79,overcast clouds
460,Lorengau,PG,-2.0226,147.2712,80.76,78,100,2.91,overcast clouds
461,Sayyan,YE,15.1718,44.3244,63.55,47,27,4.5,scattered clouds
462,Ibra,OM,22.6906,58.5334,73.17,34,0,0.83,clear sky
463,Sar-E Pul,AF,35.8333,66.1667,48.63,43,0,5.21,clear sky
464,Codo,BR,-4.4553,-43.8856,76.8,89,70,1.25,broken clouds
465,Laguna De Perlas,NI,12.3429,-83.6712,82.35,67,74,10.38,broken clouds
466,Valdivia,CL,-39.8142,-73.2459,64.49,46,8,5.73,clear sky
467,Clyde River,CA,70.4692,-68.5914,-3.77,77,100,23.02,light snow
468,Dauriya,RU,49.9333,116.8667,19.92,57,100,3.27,overcast clouds
469,Balkhash,KZ,46.844,74.9804,31.21,68,84,5.93,broken clouds
470,Ponta Delgada,PT,37.7333,-25.6667,63.5,72,20,11.5,few clouds
471,La Primavera,CO,5.4906,-70.4092,95.56,30,99,9.8,overcast clouds
472,Kapoeta,SS,4.7717,33.5903,79.43,57,100,14.45,light rain
473,Piacabucu,BR,-10.4056,-36.4344,79.18,73,94,7.38,overcast clouds
474,Bathsheba,BB,13.2167,-59.5167,78.93,73,27,21.63,scattered clouds
475,Uarini,BR,-2.99,-65.1083,84.33,74,93,2.82,overcast clouds
476,Ambilobe,MG,-13.2,49.05,75.13,96,100,2.39,overcast clouds
477,Padang,ID,-0.9492,100.3543,75.45,66,93,4.45,overcast clouds
478,Priladozhskiy,RU,59.85,31.4833,34.54,1,100,3.6,overcast clouds
479,Kahului,US,20.8947,-156.47,82.42,39,20,24.16,few clouds
480,New Baltimore,US,42.6811,-82.7369,48.99,79,100,18.41,overcast clouds
481,Omboue,GA,-1.5746,9.2618,79.18,91,100,6.64,light rain
482,Bom Jesus Da Lapa,BR,-13.255,-43.4181,87.01,34,24,2.93,few clouds
483,Lambarene,GA,-0.7001,10.2406,77.56,93,31,4.63,light rain
484,Mathathane,BW,-22.2687,28.7495,76.53,36,15,4.45,few clouds
485,Henties Bay,NA,-22.116,14.2845,64.4,88,5,5.93,clear sky
486,Chuguyevka,RU,44.1653,133.8633,31.01,81,100,4.72,snow
487,Lavumisa,SZ,-27.31,31.892,69.67,91,45,4.07,scattered clouds
488,Encruzilhada,BR,-15.5314,-40.9094,75.04,70,79,7.49,broken clouds
489,Morondava,MG,-20.2833,44.2833,81.12,78,17,0.65,few clouds
490,Collie,AU,-33.3667,116.15,55.11,70,0,6.42,clear sky
491,Carballo,ES,43.213,-8.691,56.62,68,0,4.45,clear sky
492,Huarmey,PE,-10.0681,-78.1522,73.54,77,95,9.66,overcast clouds
493,Mogadishu,SO,2.0371,45.3438,80.78,84,100,11.12,overcast clouds
494,Xining,CN,36.6167,101.7667,34.63,56,100,3.09,overcast clouds
495,Gizo,SB,-8.103,156.8419,82.78,74,77,5.28,light rain
496,Tabory,RU,58.5198,64.5495,34.52,83,100,13.09,overcast clouds
497,Estelle,US,29.8458,-90.1067,73.99,31,40,11.5,scattered clouds
498,Solyanka,RU,46.3889,48.0176,35.55,87,100,8.95,light rain
499,Zyryanka,RU,65.75,150.85,-10.26,100,100,1.86,overcast clouds
500,Chadiza,ZM,-14.0678,32.4392,66.36,94,94,0.27,overcast clouds
501,Ulaanbaatar,MN,47.9077,106.8832,5.13,85,75,2.24,broken clouds
502,Russell,US,32.3502,-85.1999,69.4,28,0,8.05,clear sky
503,Port Hardy,CA,50.6996,-127.4199,46.58,66,100,13.8,overcast clouds
504,Zvishavane,ZW,-20.3267,30.0665,75.47,43,99,1.68,overcast clouds
505,Ancud,CL,-41.8697,-73.8203,60.22,72,13,8.32,few clouds
506,Stykkisholmur,IS,65.0757,-22.7297,24.78,80,100,14.92,overcast clouds
507,Muros,ES,42.7762,-9.0603,47.16,67,1,10.31,clear sky
508,Palafrugell,ES,41.9174,3.1631,51.78,55,91,3.0,overcast clouds
509,Bilma,NE,18.6853,12.9164,74.05,16,0,9.93,clear sky
510,Ahuimanu,US,21.4447,-157.8378,80.46,66,75,17.27,broken clouds
511,Tigil,RU,57.8,158.6667,8.8,94,24,5.86,few clouds
512,Makat,KZ,47.6469,53.3463,34.36,67,72,8.95,broken clouds
513,Paita,PE,-5.0892,-81.1144,77.41,69,69,18.72,broken clouds
514,Algiers,DZ,36.7525,3.042,62.42,39,0,9.22,clear sky
515,Sur,OM,22.5667,59.5289,81.75,36,0,7.31,clear sky
516,Ahipara,NZ,-35.1667,173.1667,65.19,86,100,17.2,overcast clouds
517,Birao,CF,10.2849,22.7882,81.86,17,15,7.09,few clouds
518,Kalamia,GR,39.1656,20.9317,51.66,70,0,3.09,clear sky
519,Angoche,MZ,-16.2325,39.9086,78.28,82,3,5.32,clear sky
520,Carutapera,BR,-1.195,-46.02,75.67,94,100,9.69,moderate rain
521,Ilorin,NG,8.5,4.55,88.02,36,100,5.32,overcast clouds
522,Naranjos,MX,21.35,-97.6833,77.14,35,1,8.63,clear sky
523,Ust-Kulom,RU,61.6864,53.6902,22.28,87,100,12.73,light snow
524,Santarem,BR,-2.4431,-54.7083,80.26,84,100,3.98,overcast clouds
525,Chapais,CA,49.7834,-74.8492,28.18,96,100,11.68,light snow
526,Pacific Grove,US,36.6177,-121.9166,73.38,81,40,8.99,scattered clouds
527,Nipawin,CA,53.3668,-104.0009,30.24,100,100,24.16,overcast clouds
528,Aklavik,CA,68.2191,-135.0107,-4.0,59,0,4.61,clear sky
529,Yvetot,FR,49.6174,0.7581,51.13,60,0,7.43,clear sky
530,Poltavka,RU,54.3663,71.7632,9.36,97,37,7.38,scattered clouds
531,Casa Grande,US,32.8795,-111.7573,85.15,5,0,4.61,clear sky
532,Lumut,MY,4.2323,100.6298,77.02,94,20,0.0,few clouds
533,Suffolk,US,40.8668,-72.7996,46.89,95,100,12.66,mist
534,Mahanje,TZ,-9.9333,35.3333,64.72,96,89,2.39,overcast clouds
535,Tuatapere,NZ,-46.1333,167.6833,54.72,63,23,4.21,few clouds
536,Abdulino,RU,53.7,53.6667,31.12,97,100,10.83,overcast clouds
537,Kyren,RU,51.6828,102.1408,9.03,79,87,2.62,overcast clouds
538,Kargasok,RU,59.0556,80.8572,3.67,100,98,4.41,overcast clouds
539,Coffs Harbour,AU,-30.3,153.1333,67.96,88,100,8.05,overcast clouds
540,Kikwit,CD,-5.041,18.8162,75.54,77,0,2.37,clear sky
541,Nueva Guinea,NI,11.6876,-84.4562,85.35,48,95,14.58,overcast clouds
542,Moroni,KM,-11.7022,43.2551,81.23,80,100,3.53,overcast clouds
543,Touba,CI,8.2833,-7.6833,78.98,66,13,4.34,few clouds
544,Marsh Harbour,BS,26.5412,-77.0636,77.4,77,6,19.69,clear sky
545,Ust-Barguzin,RU,53.45,108.9833,8.01,99,100,1.3,overcast clouds
546,Moranbah,AU,-22.0016,148.0466,68.29,71,44,4.85,scattered clouds
547,Harper,LR,4.375,-7.7169,80.24,86,18,6.13,few clouds
548,Havelock,US,34.8791,-76.9013,66.94,95,100,5.99,moderate rain
549,Dudinka,RU,69.4058,86.1778,11.62,93,96,14.63,overcast clouds
550,Shenjiamen,CN,29.9576,122.298,58.82,90,100,24.74,light rain
551,Emba,KZ,48.8264,58.1442,10.29,99,92,3.65,overcast clouds
552,Vawkavysk,BY,53.1561,24.4513,38.43,68,0,6.17,clear sky
553,Pasni,PK,25.2631,63.471,78.66,56,1,4.61,clear sky
554,Faya,SA,18.3851,42.4509,59.11,34,5,3.33,clear sky
555,Deputatskiy,RU,69.3,139.9,-16.11,96,28,4.0,scattered clouds
556,Zhireken,RU,52.8249,117.3076,9.23,96,100,3.6,overcast clouds
557,Beipiao,CN,41.7919,120.7792,44.89,76,100,0.92,overcast clouds
558,Lingao,CN,19.9103,109.6859,74.8,91,37,6.4,scattered clouds
559,Ayan,RU,56.45,138.1667,9.57,87,20,4.41,few clouds
560,Sechelt,CA,49.4664,-123.7694,54.52,57,100,5.35,overcast clouds
561,Qaqortoq,GL,60.7167,-46.0333,25.61,72,100,5.59,overcast clouds
562,Hofn,IS,64.2539,-15.2082,43.43,74,100,13.0,overcast clouds
563,Putnam,US,36.1667,-85.65,59.79,35,40,13.8,scattered clouds
564,Jinchang,CN,38.4953,102.1739,35.92,30,100,12.71,overcast clouds
565,Mrakovo,RU,52.7161,56.6244,30.54,98,100,6.71,overcast clouds
566,Mpongwe,ZM,-13.5091,28.155,64.35,98,72,4.34,moderate rain
567,Guozhen,CN,34.3659,107.359,56.84,42,100,7.27,overcast clouds
568,Ulaangom,MN,49.9811,92.0667,1.89,79,100,4.47,overcast clouds
569,Erzin,TR,36.9559,36.2,45.57,87,99,3.18,overcast clouds
570,Harvard,US,42.4222,-88.6137,41.68,88,100,5.12,overcast clouds
571,Gat,IL,31.61,34.7642,49.78,100,85,10.92,overcast clouds
572,Daoukro,CI,7.0591,-3.9631,77.0,88,91,3.13,light rain
573,Parabel,RU,58.6978,81.4825,5.14,100,96,4.72,overcast clouds
574,Ketchikan,US,55.3422,-131.6461,46.38,70,100,9.22,overcast clouds
575,Bundaberg,AU,-24.85,152.35,71.22,87,92,6.91,overcast clouds
576,Mugur-Aksy,RU,50.35,90.5,6.96,96,100,5.23,light snow
577,Itoman,JP,26.1247,127.6694,70.57,70,75,20.71,broken clouds
578,Katherine,AU,-14.4667,132.2667,73.72,88,98,0.0,overcast clouds
579,Nhulunbuy,AU,-12.2333,136.7667,77.61,94,100,10.36,light rain
580,Anda,CN,46.4,125.3167,35.33,90,64,17.27,broken clouds
581,Kingisepp,RU,59.3733,28.6134,33.78,98,100,0.81,overcast clouds
582,Bac Lieu,VN,9.285,105.7244,80.87,80,1,6.44,clear sky
583,Ludvika,SE,60.1496,15.1878,44.4,90,55,2.89,broken clouds
584,Birjand,IR,32.8663,59.2211,57.67,23,0,18.41,clear sky
585,Gornopravdinsk,RU,60.05,69.9,21.6,95,100,10.2,light snow
586,Bontang,ID,0.1333,117.5,77.7,86,83,5.17,broken clouds
587,Vaitape,PF,-16.5167,-151.75,81.18,73,69,13.87,broken clouds
588,Taoudenni,ML,22.6783,-3.9836,81.23,15,0,12.84,clear sky
589,Luwuk,ID,-0.9516,122.7875,77.18,77,100,1.77,overcast clouds
590,Cairns,AU,-16.9167,145.7667,78.75,65,100,5.75,overcast clouds
591,Vuktyl,RU,63.8567,57.3094,18.32,86,100,15.46,overcast clouds
592,Naryan-Mar,RU,67.6713,53.087,15.71,94,100,11.54,light snow
593,Banjar,ID,-8.19,114.9675,77.43,90,78,1.28,moderate rain
594,Lapeer,US,43.0514,-83.3188,46.98,71,100,10.36,light rain
595,Hay River,CA,60.8156,-115.7999,4.98,61,20,14.97,few clouds
596,Petropavlovsk-Kamchatskiy,RU,53.0452,158.6483,18.19,79,0,8.95,clear sky
597,Rabo De Peixe,PT,37.8,-25.5833,62.28,77,20,11.5,few clouds
598,Meiktila,MM,20.8667,95.8667,76.08,71,56,8.46,broken clouds
599,Fortuna,US,40.5982,-124.1573,51.98,94,100,17.27,overcast clouds
600,Ormara,PK,25.2088,64.6357,78.33,64,0,7.74,clear sky
601,Baruun-Urt,MN,46.6806,113.2792,19.9,91,74,6.91,broken clouds
602,Santa Cruz De La Palma,ES,28.6835,-17.7642,61.14,63,20,3.44,few clouds
603,Luba,GQ,3.4568,8.5547,80.49,83,21,9.55,few clouds
604,Lexington,US,37.9887,-84.4777,57.33,53,75,17.27,broken clouds
605,Posse,BR,-14.0931,-46.3694,78.06,57,92,2.46,overcast clouds
606,Souillac,MU,-20.5167,57.5167,79.18,89,40,5.75,scattered clouds
607,Korla,CN,41.7597,86.1469,37.4,48,0,2.84,clear sky
608,Athens,GR,37.9795,23.7162,57.24,48,0,7.0,clear sky
609,Venado Tuerto,AR,-33.7456,-61.9688,50.07,85,100,31.79,overcast clouds
610,Kendari,ID,-3.945,122.4989,74.1,95,93,3.0,overcast clouds
611,Moorhead,US,46.8739,-96.7676,50.99,58,0,12.66,clear sky
612,Coromandel,BR,-18.4733,-47.2003,73.54,67,95,1.99,overcast clouds
613,Galveston,US,29.3669,-94.9669,70.03,28,1,8.99,clear sky
614,Orizona,BR,-17.0314,-48.2958,75.42,68,100,2.48,overcast clouds
615,Paignton,GB,50.4357,-3.5679,53.62,63,0,5.19,clear sky
616,Minsk Mazowiecki,PL,52.1794,21.5725,49.39,73,0,7.18,clear sky
617,Olafsvik,IS,64.8945,-23.7142,29.46,80,100,20.8,overcast clouds
618,Mumbwa,ZM,-14.9783,27.0619,64.54,96,70,2.39,broken clouds
619,Labuhan,ID,-6.8844,112.2051,78.71,87,100,5.79,light rain
620,Umea,SE,63.8284,20.2597,31.93,86,75,0.0,broken clouds
621,Biltine,TD,14.5333,20.9167,80.38,13,37,12.3,scattered clouds
622,Peleduy,RU,59.6289,112.7406,4.95,99,100,2.3,overcast clouds
623,Kaduqli,SD,11.0167,29.7167,82.4,12,4,13.53,clear sky
624,Verkhnetulomskiy,RU,68.6073,31.7962,23.13,84,100,6.29,overcast clouds
625,Black River,JM,18.0264,-77.8487,84.49,53,27,20.74,scattered clouds
626,Nemuro,JP,43.3236,145.575,30.02,89,22,7.16,few clouds
627,Madang,PG,-5.2246,145.7966,75.07,91,100,5.57,moderate rain
628,Maragogi,BR,-9.0122,-35.2225,79.0,81,98,6.44,overcast clouds
629,Sucre,BO,-19.0333,-65.2627,66.88,57,68,9.31,broken clouds
630,Bud,US,39.447,-86.1758,48.42,69,79,17.6,broken clouds
631,Townsville,AU,-19.25,146.8,70.68,88,20,4.61,few clouds
632,Fowa,NG,8.9167,6.4,88.34,25,100,0.69,overcast clouds
633,Palmer,US,42.1584,-72.3287,43.65,86,100,10.36,light intensity drizzle
634,Lucea,JM,18.451,-78.1736,85.86,68,75,6.02,broken clouds
635,Bestobe,KZ,52.4994,73.0975,13.96,95,6,8.39,clear sky
636,Ballina,AU,-28.8667,153.5667,69.98,99,68,7.52,broken clouds
637,Naze,JP,28.3667,129.4833,63.52,74,56,18.32,broken clouds
638,Constitucion,CL,-35.3333,-72.4167,66.49,47,0,19.73,clear sky
639,Kolyshley,RU,52.7005,44.5367,29.39,99,96,7.2,overcast clouds
640,Kamina,CD,-8.7386,24.9906,64.62,96,26,3.96,scattered clouds
641,Bandarbeyla,SO,9.4942,50.8122,77.04,77,29,5.21,scattered clouds
642,Denpasar,ID,-8.65,115.2167,78.46,88,75,8.05,broken clouds
643,Villamontes,BO,-21.25,-63.5,65.64,86,100,8.97,overcast clouds
644,Pryozerne,UA,45.2698,36.3303,41.05,86,96,6.11,overcast clouds
645,Tezu,IN,27.9167,96.1667,69.8,50,70,5.03,broken clouds
646,Vandavasi,IN,12.5,79.6167,78.31,86,5,5.1,clear sky
647,Grand-Lahou,CI,5.1367,-5.0242,80.01,89,9,6.2,clear sky
648,Roblin,CA,51.23,-101.3565,33.58,99,100,21.45,overcast clouds
649,Iberia,US,29.9502,-91.7507,72.09,30,0,20.71,clear sky
650,Shawnee,US,39.05,-95.7669,44.29,74,100,12.66,overcast clouds
651,Novovorontsovka,UA,47.5004,33.9175,37.72,60,78,10.89,broken clouds
652,Goundam,ML,16.4145,-3.6708,93.42,8,84,2.06,broken clouds
653,Haines Junction,CA,60.7522,-137.5108,40.95,38,100,3.44,overcast clouds
654,Teguldet,RU,57.3064,88.1667,-0.06,100,88,2.89,overcast clouds
655,Melekhovo,RU,56.2773,41.2935,34.93,89,96,6.42,overcast clouds
656,Novi Sanzhary,UA,49.3439,34.3108,42.04,84,100,2.91,overcast clouds
657,Buraydah,SA,26.326,43.975,63.05,23,0,11.43,clear sky
658,Raudeberg,NO,61.9875,5.1352,45.95,92,100,26.42,overcast clouds
659,Ixtapa,MX,20.7,-105.2,76.23,53,0,11.5,clear sky
660,Magole,TZ,-6.3667,37.3667,71.19,92,1,1.23,clear sky
661,Kotka,FI,60.4664,26.9458,42.06,99,100,3.65,overcast clouds
662,Belogorsk,RU,50.9158,128.4611,20.35,89,100,9.33,overcast clouds
663,Mayskiy,RU,47.6931,40.1025,27.81,55,61,4.65,broken clouds
664,Rudnaya Pristan,RU,44.3614,135.8116,33.55,77,99,1.32,overcast clouds
665,Nara,JP,34.6851,135.8049,42.69,78,2,2.08,clear sky
666,Nguru,NG,12.8791,10.4526,81.19,15,98,9.57,overcast clouds
667,Hambantota,LK,6.1241,81.1185,78.08,81,49,8.97,scattered clouds
668,Seoul,KR,37.5683,126.9778,40.44,87,91,1.14,mist
669,Almeirim,BR,-1.5233,-52.5817,77.32,94,93,5.26,moderate rain
670,Salinopolis,BR,-0.6136,-47.3561,77.2,88,99,11.07,overcast clouds
671,Le Port,RE,-20.9373,55.2919,79.25,71,26,4.92,scattered clouds
672,Paris,FR,48.8534,2.3488,59.14,43,0,6.91,clear sky
673,Mkushi,ZM,-13.6202,29.3939,64.74,96,100,3.58,overcast clouds
674,Constanza,DE,47.6603,9.1758,50.18,52,1,4.0,clear sky
675,Xochihuehuetlan,MX,17.9167,-98.4333,91.67,15,0,4.72,clear sky
676,Moron,AR,-34.6534,-58.6198,56.91,86,100,14.09,light rain
677,Zhuhai,CN,22.2769,113.5678,67.78,100,75,19.57,broken clouds
678,Merauke,ID,-8.4667,140.3333,74.88,93,73,8.41,broken clouds
679,Kalmunai,LK,7.4167,81.8167,77.99,85,6,5.88,clear sky
680,Roma,US,43.2128,-75.4557,46.54,80,100,11.5,overcast clouds
681,Antipino,RU,57.1068,65.7576,32.54,89,98,12.95,overcast clouds
682,Valparaiso,CL,-33.0393,-71.6273,79.03,34,0,16.11,clear sky
683,Leshukonskoye,RU,64.8989,45.7622,18.07,77,10,10.31,clear sky
684,Madimba,TZ,-10.4,40.3333,78.17,89,49,5.37,scattered clouds
685,Samarai,PG,-10.6167,150.6667,82.85,76,94,10.69,overcast clouds
686,Abu Kamal,SY,34.4506,40.9171,53.33,49,19,8.9,few clouds
687,Asfi,MA,32.2994,-9.2372,56.01,69,38,6.51,scattered clouds
688,Malindi,KE,-3.2175,40.1191,81.41,87,5,13.49,clear sky
689,General Roca,AR,-39.0333,-67.5833,75.61,17,0,16.02,clear sky
